{"stats":{"minecraft:killed_by":{"minecraft:player":10,"minecraft:creeper":1,"minecraft:zombie":1},"minecraft:custom":{"minecraft:time_since_rest":1763,"minecraft:interact_with_furnace":10,"minecraft:sprint_one_cm":122947,"minecraft:damage_taken":3145,"minecraft:walk_one_cm":33626,"minecraft:mob_kills":10,"minecraft:drop":8,"minecraft:damage_dealt":1984,"minecraft:swim_one_cm":91899,"minecraft:player_kills":7,"minecraft:interact_with_crafting_table":5,"minecraft:fly_one_cm":161059,"minecraft:open_chest":1,"minecraft:crouch_one_cm":3352,"minecraft:play_time":30651,"minecraft:deaths":12,"minecraft:sneak_time":3261,"minecraft:walk_under_water_one_cm":11809,"minecraft:boat_one_cm":720,"minecraft:jump":833,"minecraft:leave_game":1,"minecraft:time_since_death":1706,"minecraft:walk_on_water_one_cm":5643,"minecraft:total_world_time":30651,"minecraft:fall_one_cm":28635},"minecraft:crafted":{"minecraft:oak_boat":1,"minecraft:oak_planks":52,"minecraft:crafting_table":1,"minecraft:stick":12,"minecraft:wooden_pickaxe":1,"minecraft:cooked_chicken":3,"minecraft:stone_pickaxe":1,"minecraft:furnace":1,"minecraft:stone_axe":1,"minecraft:air":0},"minecraft:picked_up":{"minecraft:wooden_axe":16,"minecraft:stick":83,"minecraft:crafting_table":13,"minecraft:feather":28,"minecraft:chicken":9,"minecraft:wooden_pickaxe":10,"minecraft:porkchop":18,"minecraft:oak_log":107,"minecraft:dirt":118,"minecraft:arrow":10,"minecraft:stone_sword":4,"minecraft:bone":10,"minecraft:kelp":19,"minecraft:stone_axe":8,"minecraft:stone_pickaxe":7,"minecraft:cooked_chicken":1,"minecraft:oak_boat":1,"minecraft:gray_wool":1,"minecraft:oak_sapling":25,"minecraft:mutton":2,"minecraft:coal":66,"minecraft:oak_planks":116,"minecraft:egg":3,"minecraft:cobblestone":82,"minecraft:furnace":6},"minecraft:dropped":{"minecraft:cooked_chicken":2,"minecraft:oak_log":6,"minecraft:wooden_axe":3,"minecraft:feather":1,"minecraft:wooden_pickaxe":1},"minecraft:killed":{"minecraft:pig":3,"minecraft:chicken":7},"minecraft:mined":{"minecraft:furnace":3,"minecraft:kelp_plant":1,"minecraft:crafting_table":5,"minecraft:grass":12,"minecraft:coal_ore":22,"minecraft:oak_log":51,"minecraft:dirt":2,"minecraft:tall_grass":3,"minecraft:cobblestone":1,"minecraft:stone":32,"minecraft:oak_leaves":9},"minecraft:used":{"minecraft:wooden_axe":2,"minecraft:stone_sword":8,"minecraft:chicken":4,"minecraft:stone_pickaxe":52,"minecraft:wooden_pickaxe":8,"minecraft:cooked_chicken":2,"minecraft:stone_axe":58,"minecraft:dirt":13,"minecraft:cobblestone":8,"minecraft:crafting_table":5,"minecraft:oak_sapling":3,"minecraft:furnace":2,"minecraft:oak_boat":2,"minecraft:egg":2}},"DataVersion":3465}