{"stats":{"minecraft:mined":{"minecraft:fern":2},"minecraft:picked_up":{"minecraft:mutton":2,"minecraft:white_wool":1},"minecraft:killed":{"minecraft:sheep":1},"minecraft:custom":{"minecraft:jump":51,"minecraft:time_since_rest":1504,"minecraft:damage_dealt":105,"minecraft:leave_game":1,"minecraft:sprint_one_cm":1914,"minecraft:play_time":1504,"minecraft:damage_taken":165,"minecraft:time_since_death":1504,"minecraft:walk_one_cm":1175,"minecraft:total_world_time":1504,"minecraft:mob_kills":1,"minecraft:fall_one_cm":1568,"minecraft:fly_one_cm":3711}},"DataVersion":3465}