{"stats":{"minecraft:picked_up":{"minecraft:wheat_seeds":2},"minecraft:dropped":{"minecraft:wheat_seeds":2},"minecraft:custom":{"minecraft:jump":116,"minecraft:time_since_rest":4029,"minecraft:crouch_one_cm":75,"minecraft:damage_taken":40,"minecraft:leave_game":2,"minecraft:play_time":4029,"minecraft:sprint_one_cm":18958,"minecraft:walk_on_water_one_cm":210,"minecraft:time_since_death":4029,"minecraft:walk_one_cm":2056,"minecraft:sneak_time":156,"minecraft:climb_one_cm":1805,"minecraft:total_world_time":4029,"minecraft:drop":2,"minecraft:fall_one_cm":4537,"minecraft:fly_one_cm":75639},"minecraft:mined":{"minecraft:grass":13,"minecraft:fern":6}},"DataVersion":3465}