{"stats":{"minecraft:dropped":{"minecraft:pink_petals":13},"minecraft:killed_by":{"minecraft:player":2},"minecraft:mined":{"minecraft:pink_petals":21,"minecraft:tall_grass":8,"minecraft:grass":22,"minecraft:cherry_log":1},"minecraft:used":{"minecraft:pink_petals":32},"minecraft:picked_up":{"minecraft:pink_petals":47,"minecraft:egg":1},"minecraft:custom":{"minecraft:jump":349,"minecraft:time_since_rest":4069,"minecraft:damage_dealt":790,"minecraft:deaths":2,"minecraft:sprint_one_cm":32407,"minecraft:play_time":6899,"minecraft:damage_taken":790,"minecraft:time_since_death":4036,"minecraft:walk_one_cm":16899,"minecraft:total_world_time":6899,"minecraft:player_kills":3,"minecraft:drop":13,"minecraft:fall_one_cm":17887,"minecraft:fly_one_cm":83414}},"DataVersion":3465}