{"stats":{"minecraft:picked_up":{"minecraft:oak_log":5},"minecraft:custom":{"minecraft:jump":3,"minecraft:time_since_rest":1462,"minecraft:leave_game":1,"minecraft:sprint_one_cm":332,"minecraft:play_time":1462,"minecraft:time_since_death":1462,"minecraft:walk_one_cm":807,"minecraft:total_world_time":1462,"minecraft:interact_with_crafting_table":1,"minecraft:fall_one_cm":209,"minecraft:fly_one_cm":407},"minecraft:used":{"minecraft:crafting_table":1},"minecraft:crafted":{"minecraft:crafting_table":1,"minecraft:oak_planks":20,"minecraft:stick":4,"minecraft:wooden_axe":1},"minecraft:mined":{"minecraft:oak_log":5,"minecraft:oak_leaves":1}},"DataVersion":3465}