{"stats":{"minecraft:killed_by":{"minecraft:player":1},"minecraft:mined":{"minecraft:pink_petals":1,"minecraft:grass":4,"minecraft:tall_grass":1,"minecraft:dandelion":1},"minecraft:used":{"minecraft:pink_petals":3,"minecraft:dandelion":1,"minecraft:cherry_log":1},"minecraft:picked_up":{"minecraft:pink_petals":3,"minecraft:dandelion":1,"minecraft:cherry_log":1},"minecraft:custom":{"minecraft:time_since_rest":2331,"minecraft:sprint_one_cm":12578,"minecraft:play_time":13284,"minecraft:deaths":2,"minecraft:damage_taken":423,"minecraft:walk_one_cm":6991,"minecraft:sneak_time":1355,"minecraft:walk_under_water_one_cm":217,"minecraft:jump":239,"minecraft:damage_dealt":580,"minecraft:leave_game":5,"minecraft:walk_on_water_one_cm":547,"minecraft:time_since_death":0,"minecraft:total_world_time":13284,"minecraft:fall_one_cm":8438,"minecraft:fly_one_cm":345300,"minecraft:player_kills":2}},"DataVersion":3465}