{"stats":{"minecraft:killed_by":{"minecraft:player":7,"minecraft:creeper":1},"minecraft:custom":{"minecraft:time_since_rest":574,"minecraft:sprint_one_cm":99813,"minecraft:damage_taken":2320,"minecraft:walk_one_cm":46403,"minecraft:mob_kills":4,"minecraft:drop":2,"minecraft:damage_dealt":2959,"minecraft:player_kills":12,"minecraft:interact_with_crafting_table":10,"minecraft:swim_one_cm":41830,"minecraft:fly_one_cm":102122,"minecraft:crouch_one_cm":153,"minecraft:play_time":25539,"minecraft:deaths":10,"minecraft:sneak_time":345,"minecraft:walk_under_water_one_cm":10002,"minecraft:boat_one_cm":13005,"minecraft:jump":637,"minecraft:leave_game":4,"minecraft:time_since_death":542,"minecraft:walk_on_water_one_cm":6066,"minecraft:total_world_time":25539,"minecraft:fall_one_cm":19725},"minecraft:crafted":{"minecraft:oak_planks":84,"minecraft:crafting_table":5,"minecraft:stick":24,"minecraft:wooden_pickaxe":3,"minecraft:stone_pickaxe":1,"minecraft:wooden_axe":4,"minecraft:stone_axe":1},"minecraft:picked_up":{"minecraft:wooden_axe":7,"minecraft:stick":35,"minecraft:crafting_table":6,"minecraft:feather":15,"minecraft:wooden_pickaxe":8,"minecraft:porkchop":6,"minecraft:oak_log":68,"minecraft:dirt":69,"minecraft:arrow":5,"minecraft:stone_sword":4,"minecraft:bone":9,"minecraft:rotten_flesh":3,"minecraft:kelp":13,"minecraft:stone_axe":4,"minecraft:stone_pickaxe":3,"minecraft:oak_boat":1,"minecraft:gray_wool":1,"minecraft:oak_sapling":6,"minecraft:mutton":2,"minecraft:oak_planks":115,"minecraft:coal":22,"minecraft:cobblestone":30,"minecraft:egg":3,"minecraft:furnace":2},"minecraft:dropped":{"minecraft:wooden_pickaxe":2},"minecraft:mined":{"minecraft:tall_seagrass":1,"minecraft:kelp_plant":15,"minecraft:crafting_table":1,"minecraft:grass":4,"minecraft:grass_block":2,"minecraft:oak_log":24,"minecraft:dirt":6,"minecraft:stone":6,"minecraft:oak_leaves":1},"minecraft:killed":{"minecraft:sheep":1,"minecraft:skeleton":1,"minecraft:zombie":2},"minecraft:used":{"minecraft:wooden_axe":20,"minecraft:oak_planks":2,"minecraft:wooden_pickaxe":7,"minecraft:rotten_flesh":3,"minecraft:stone_axe":29,"minecraft:dirt":8,"minecraft:crafting_table":5,"minecraft:oak_boat":1}},"DataVersion":3465}