{"stats":{"minecraft:killed":{"minecraft:sheep":3},"minecraft:mined":{"minecraft:grass":3,"minecraft:pink_petals":2,"minecraft:cherry_log":16,"minecraft:crafting_table":1},"minecraft:used":{"minecraft:wooden_axe":15,"minecraft:crafting_table":1},"minecraft:picked_up":{"minecraft:pink_petals":3,"minecraft:crafting_table":1,"minecraft:wheat_seeds":1,"minecraft:cherry_log":16,"minecraft:mutton":3,"minecraft:white_wool":3},"minecraft:crafted":{"minecraft:cherry_planks":64,"minecraft:crafting_table":1,"minecraft:stick":8,"minecraft:wooden_pickaxe":1,"minecraft:wooden_axe":1},"minecraft:custom":{"minecraft:time_since_rest":5241,"minecraft:crouch_one_cm":654,"minecraft:play_time":5241,"minecraft:sprint_one_cm":19651,"minecraft:damage_taken":120,"minecraft:walk_one_cm":11681,"minecraft:sneak_time":1020,"minecraft:mob_kills":3,"minecraft:jump":126,"minecraft:damage_dealt":241,"minecraft:leave_game":1,"minecraft:time_since_death":5241,"minecraft:total_world_time":5241,"minecraft:fall_one_cm":3599,"minecraft:interact_with_crafting_table":1,"minecraft:fly_one_cm":19137}},"DataVersion":3465}