{"stats":{"minecraft:killed_by":{"minecraft:player":2,"minecraft:skeleton":4,"minecraft:zombie":2},"minecraft:custom":{"minecraft:time_since_rest":4106,"minecraft:damage_taken":2166,"minecraft:interact_with_furnace":3,"minecraft:sprint_one_cm":66563,"minecraft:walk_one_cm":56109,"minecraft:mob_kills":1,"minecraft:drop":2,"minecraft:damage_dealt":109,"minecraft:swim_one_cm":5453,"minecraft:interact_with_crafting_table":11,"minecraft:fly_one_cm":64697,"minecraft:play_time":20132,"minecraft:deaths":8,"minecraft:walk_under_water_one_cm":2995,"minecraft:jump":392,"minecraft:leave_game":6,"minecraft:time_since_death":3367,"minecraft:walk_on_water_one_cm":4219,"minecraft:total_world_time":20132,"minecraft:fall_one_cm":13558},"minecraft:crafted":{"minecraft:oak_planks":20,"minecraft:stick":16,"minecraft:wooden_pickaxe":1,"minecraft:stone_pickaxe":1,"minecraft:wooden_axe":1,"minecraft:stone_sword":1,"minecraft:stone_axe":1},"minecraft:picked_up":{"minecraft:stick":8,"minecraft:feather":9,"minecraft:chicken":2,"minecraft:wooden_pickaxe":3,"minecraft:oak_log":5,"minecraft:dirt":19,"minecraft:arrow":4,"minecraft:bone":1,"minecraft:apple":1,"minecraft:stone_axe":1,"minecraft:stone_pickaxe":1,"minecraft:cooked_chicken":1,"minecraft:oak_sapling":4,"minecraft:oak_planks":18,"minecraft:cobblestone":26,"minecraft:furnace":1},"minecraft:dropped":{"minecraft:stone_axe":1,"minecraft:wooden_axe":1},"minecraft:mined":{"minecraft:grass_block":5,"minecraft:oak_log":5,"minecraft:dirt":5,"minecraft:stone":12,"minecraft:oak_leaves":1},"minecraft:killed":{"minecraft:chicken":1},"minecraft:used":{"minecraft:stone_sword":1,"minecraft:apple":1,"minecraft:wooden_pickaxe":14,"minecraft:cooked_chicken":1,"minecraft:dirt":1,"minecraft:furnace":1,"minecraft:oak_sapling":1}},"DataVersion":3465}