{"stats":{"minecraft:killed_by":{"minecraft:player":2},"minecraft:mined":{"minecraft:grass_block":1},"minecraft:picked_up":{"minecraft:dirt":2},"minecraft:custom":{"minecraft:jump":92,"minecraft:time_since_rest":920,"minecraft:leave_game":1,"minecraft:deaths":2,"minecraft:sprint_one_cm":6510,"minecraft:play_time":3006,"minecraft:damage_taken":497,"minecraft:time_since_death":871,"minecraft:walk_one_cm":3563,"minecraft:sneak_time":11,"minecraft:total_world_time":3006,"minecraft:fall_one_cm":1867,"minecraft:fly_one_cm":10787}},"DataVersion":3465}