{
  "minecraft:recipes/decorations/crafting_table": {
    "criteria": {
      "unlock_right_away": "2024-05-28 17:32:10 +0000"
    },
    "done": true
  },
  "minecraft:adventure/adventuring_time": {
    "criteria": {
      "minecraft:cherry_grove": "2024-05-28 17:32:55 +0000",
      "minecraft:birch_forest": "2024-05-29 02:40:12 +0000",
      "minecraft:river": "2024-05-28 17:33:42 +0000",
      "minecraft:dripstone_caves": "2024-05-28 17:33:14 +0000",
      "minecraft:forest": "2024-05-28 17:33:40 +0000",
      "minecraft:old_growth_birch_forest": "2024-05-29 02:40:52 +0000",
      "minecraft:deep_dark": "2024-05-28 17:33:27 +0000",
      "minecraft:meadow": "2024-05-28 17:33:47 +0000",
      "minecraft:plains": "2024-05-28 17:32:11 +0000"
    },
    "done": false
  },
  "minecraft:recipes/misc/pink_dye_from_pink_petals": {
    "criteria": {
      "has_pink_petals": "2024-05-29 02:57:35 +0000"
    },
    "done": true
  },
  "minecraft:recipes/misc/charcoal": {
    "criteria": {
      "has_log": "2024-05-29 02:57:32 +0000"
    },
    "done": true
  },
  "minecraft:adventure/root": {
    "criteria": {
      "killed_something": "2024-05-29 02:56:50 +0000"
    },
    "done": true
  },
  "minecraft:recipes/building_blocks/cherry_planks": {
    "criteria": {
      "has_log": "2024-05-29 02:57:32 +0000"
    },
    "done": true
  },
  "minecraft:recipes/misc/yellow_dye_from_dandelion": {
    "criteria": {
      "has_dandelion": "2024-05-29 02:56:30 +0000"
    },
    "done": true
  },
  "minecraft:recipes/building_blocks/cherry_wood": {
    "criteria": {
      "has_log": "2024-05-29 02:57:32 +0000"
    },
    "done": true
  },
  "DataVersion": 3465
}